Workbook

Sheet Preencher
A2: Análise de Perfil Pessoal | E2: Tabulação
E3: (Não Alterar - Para uso da seleção)
A4: Para cada situação existe uma graduação de intensidade que vai de 0 a 5. Marque a
A5: intensidade que você imagina que melhor o representa em seu ambiente de trabalho.
A7: Nome: Data:
A9: Item | B9: Questão | C9: Nota | E9: PERGUNTAS | I9: A | J9: PERGUNTAS | N9: B | O9: PERGUNTAS | S9: C | T9: PERGUNTAS | X9: D
A10: 1 | B10: Gosto de trabalhar sozinho. | C10: 2 | E10: 3 | F10: 8 | G10: 19 | H10: 31 | J10: 5 | K10: 6 | L10: 7 | M10: 11 | O10: 2 | P10: 15 | Q10: 18 | R10: 25 | T10: 4 | U10: 10 | V10: 17 | W10: 21
A11: 2 | B11: Sou calmo, pacato e sereno. | C11: 4 | E11: =C12 -> 4 | F11: =C17 -> 3 | G11: =C28 -> 4 | H11: =C40 -> 3 | I11: =SUM(E11:H11) -> 14 | J11: =C14 -> 3 | K11: =C15 -> 4 | L11: =C16 -> 1 | M11: =C20 -> 1 | N11: =SUM(J11:M11) -> 9 | O11: =C11 -> 4 | P11: =C24 -> 4 | Q11: =C27 -> 4 | R11: =C34 -> 3 | S11: =SUM(O11:R11) -> 15 | T11: =C13 -> 4 | U11: =C19 -> 3 | V11: =C26 -> 5 | W11: =C30 -> 5 | X11: =SUM(T11:W11) -> 17
A12: 3 | B12: Costumo atingir meus objetivos,não importam os obstáculos. | C12: 4 | E12: 20 | F12: 23 | G12: 26 | H12: 32 | J12: 1 | K12: 24 | L12: 27 | M12: 30 | O12: 9 | P12: 12 | Q12: 16 | R12: 29 | T12: 13 | U12: 14 | V12: 22 | W12: 28
A13: 4 | B13: Sou meticuloso e detalhista. | C13: 4 | E13: =C29 -> 4 | F13: =C32 -> 4 | G13: =C35 -> 5 | H13: =C41 -> 5 | I13: =SUM(E13:H13) -> 18 | J13: =C10 -> 2 | K13: =C33 -> 3 | L13: =C36 -> 4 | M13: =C39 -> 2 | N13: =SUM(J13:M13) -> 11 | O13: =C18 -> 5 | P13: =C21 -> 2 | Q13: =C25 -> 3 | R13: =C38 -> 1 | S13: =SUM(O13:R13) -> 11 | T13: =C22 -> 3 | U13: =C23 -> 1 | V13: =C31 -> 2 | W13: =C37 -> 2 | X13: =SUM(T13:W13) -> 8
A14: 5 | B14: Sou extrovertido e falante. | C14: 3 | E14: RESULTADO | I14: =I11-I13 -> -4 | J14: RESULTADO | N14: =N11-N13 -> -2 | O14: RESULTADO | S14: =S11-S13 -> 4 | T14: RESULTADO | X14: =X11-X13 -> 9
A15: 6 | B15: Sempre participo ativamente nas reuniões de trabalho. | C15: 4
A16: 7 | B16: Gosto de estar cercado de pessoas e ser o centro das atenções. | C16: 1
A17: 8 | B17: Tomo sempre a iniciativa e sou muito impaciente. | C17: 3
A18: 9 | B18: Sou muito curioso. Gosto sempre de saber tudo. | C18: 5
A19: 10 | B19: Gosto de fazer um trabalho perfeito, não importa quanto tempo demore. | C19: 3
A20: 11 | B20: Falo pelos cotovelos, não consigo ficar calado. | C20: 1
A21: 12 | B21: Sou extremamente ambicioso. Vou ficar rico. | C21: 2
A22: 13 | B22: Estruturas muito rigidas me aborrecem, gosto de liberdade de ação. | C22: 3
A23: 14 | B23: Considero-me um indivíduo teimoso. | C23: 1
A24: 15 | B24: Cedo a vez ao outro sem problema. | C24: 4
A25: 16 | B25: Tenho coragem de me arriscar sempre. | C25: 3
A26: 17 | B26: Sou disciplinado e organizado. | C26: 5
... A41: 32 | B41: Costumo aceitar os reveses da vida com paciência e serenidade. | C41: 5

Sheet Resultado
G1: =Preencher!A7 -> Nome: Data:
H3: Gráfico
H22: D | I22: =Preencher!I14 -> -4
H23: I | I23: =Preencher!N14 -> -2
H24: S | I24: =Preencher!S14 -> 4
H25: C | I25: =Preencher!X14 -> 9
